name_guess,number_guess,img_url,profile_url
Aaron Plessinger,10,https://rxi.iscdn.net/2022/12/259919_sx23_aaron_plessinger_smile_691x691px-removebg-preview.png?auto=format&q=90&w=3000&h=2000&fit=crop&crop=faces,https://racerxonline.com/rider/aaron-plessinger
Alexander Fedortsov,10,https://rxi.iscdn.net/2025/05/306894_screenshot2025-05-16at94705am-removebg-preview.png?auto=format&q=90&w=3000&h=2000&fit=crop&crop=faces,https://racerxonline.com/rider/alexander-fedortsov
Alvin Hillan,10,https://rxi.iscdn.net/i/logos/post_thumb.png?auto=format&q=90&w=3000&h=2000&fit=crop&crop=faces,https://racerxonline.com/rider/alvin-hillan
Anthony Bourdon,10,https://rxi.iscdn.net/2024/01/281607_279883barx-suzuki-2024-anthony-bourdon-945-headshot-1600x20.png?auto=format&q=90&w=3000&h=2000&fit=crop&crop=faces,https://racerxonline.com/rider/anthony-bourdon
Anthony Rodriguez,10,https://rxi.iscdn.net/2022/12/259956_sx23_anthony_rodriguez_smile_691x691px-removebg-preview.png?auto=format&q=90&w=3000&h=2000&fit=crop&crop=faces,https://racerxonline.com/rider/anthony-rodriguez
Anton Nordstrom,10,https://rxi.iscdn.net/i/logos/post_thumb.png?auto=format&q=90&w=3000&h=2000&fit=crop&crop=faces,https://racerxonline.com/rider/anton-nordstrom
Austin Forkner,10,https://rxi.iscdn.net/2025/02/301362_austinforkneredited51-removebg-preview.png?auto=format&q=90&w=3000&h=2000&fit=crop&crop=faces,https://racerxonline.com/rider/austin-forkner
Avery Long,10,https://rxi.iscdn.net/2024/12/299084_screenshot2024-12-23at115504am-removebg-preview.png?auto=format&q=90&w=3000&h=2000&fit=crop&crop=faces,https://racerxonline.com/rider/avery-long
Ayden Shive,10,https://rxi.iscdn.net/2024/07/290375_screenshot2024-07-02at102553am-removebg-preview.png?auto=format&q=90&w=3000&h=2000&fit=crop&crop=faces,https://racerxonline.com/rider/ayden-shive
Basile Pigois,10,https://rxi.iscdn.net/i/logos/post_thumb.png?auto=format&q=90&w=3000&h=2000&fit=crop&crop=faces,https://racerxonline.com/rider/basile-pigois
Benny Bloss,10,https://rxi.iscdn.net/2023/12/279730_20231206-bennyheadshot-2-removebg-preview.png?auto=format&q=90&w=3000&h=2000&fit=crop&crop=faces,https://racerxonline.com/rider/benny-bloss
Billy Laninovich,10,https://rxi.iscdn.net/2024/01/281610_privateersalignmediasx24sandiego039-removebg-preview.png?auto=format&q=90&w=3000&h=2000&fit=crop&crop=faces,https://racerxonline.com/rider/billy-laninovich
Brad West,10,https://rxi.iscdn.net/2022/01/241611_screen_shot_2022-01-29_at_4_24_45_pm-removebg-preview.png?auto=format&q=90&w=3000&h=2000&fit=crop&crop=faces,https://racerxonline.com/rider/brad-west
Brandon Ray,10,https://rxi.iscdn.net/2021/10/235360_screen_shot_2021-10-21_at_10_34_58_am-removebg-preview.png?auto=format&q=90&w=3000&h=2000&fit=crop&crop=faces,https://racerxonline.com/rider/brandon-ray
Brayden Ehlermann,10,https://rxi.iscdn.net/i/logos/post_thumb.png?auto=format&q=90&w=3000&h=2000&fit=crop&crop=faces,https://racerxonline.com/rider/brayden-ehlermann
Brock Walker,10,https://rxi.iscdn.net/i/logos/post_thumb.png?auto=format&q=90&w=3000&h=2000&fit=crop&crop=faces,https://racerxonline.com/rider/brock-walker
Bryce Shelly,10,https://rxi.iscdn.net/2023/09/274786_screenshot2023-09-05at113815am-removebg-preview.png?auto=format&q=90&w=3000&h=2000&fit=crop&crop=faces,https://racerxonline.com/rider/bryce-shelly
Cade Clason,10,https://rxi.iscdn.net/2022/12/259955_sx23_cade_clason_smile_691x691px-removebg-preview.png?auto=format&q=90&w=3000&h=2000&fit=crop&crop=faces,https://racerxonline.com/rider/cade-clason
Caden Dudney,10,https://rxi.iscdn.net/2024/11/296977_unnamed-2024-11-01t120440949-removebg-preview.png?auto=format&q=90&w=3000&h=2000&fit=crop&crop=faces,https://racerxonline.com/rider/caden-dudney
Cameron McAdoo,10,https://rxi.iscdn.net/2025/01/299272_mcadoo2025kawasakiteam-shootsxoctopirsp2363nef1-1-removebg-.png?auto=format&q=90&w=3000&h=2000&fit=crop&crop=faces,https://racerxonline.com/rider/cameron-mcadoo
Carson Mainquist,10,https://rxi.iscdn.net/i/logos/post_thumb.png?auto=format&q=90&w=3000&h=2000&fit=crop&crop=faces,https://racerxonline.com/rider/carson-mainquist
Carson Millikan,10,https://rxi.iscdn.net/i/logos/post_thumb.png?auto=format&q=90&w=3000&h=2000&fit=crop&crop=faces,https://racerxonline.com/rider/carson-millikan
Carson Mumford,10,https://rxi.iscdn.net/2022/12/259927_sx23_carson_mumford_smile_691x691px-removebg-preview.png?auto=format&q=90&w=3000&h=2000&fit=crop&crop=faces,https://racerxonline.com/rider/carson-mumford
Carter Malcolm,10,https://rxi.iscdn.net/i/logos/post_thumb.png?auto=format&q=90&w=3000&h=2000&fit=crop&crop=faces,https://racerxonline.com/rider/carter-malcolm
Chace Lawton,10,https://rxi.iscdn.net/i/logos/post_thumb.png?auto=format&q=90&w=3000&h=2000&fit=crop&crop=faces,https://racerxonline.com/rider/chace-lawton
Chance Hymas,10,https://rxi.iscdn.net/2024/12/299122_25hondahrcprogressivechancehymas-removebg-preview.png?auto=format&q=90&w=3000&h=2000&fit=crop&crop=faces,https://racerxonline.com/rider/chance-hymas
Chandler Baker,10,https://rxi.iscdn.net/2024/07/291931_img5705-3-removebg-preview.png?auto=format&q=90&w=3000&h=2000&fit=crop&crop=faces,https://racerxonline.com/rider/chandler-baker
Chase Marquier,10,https://rxi.iscdn.net/2022/12/259969_sx23_chase_marquier_smile_691x691px-removebg-preview.png?auto=format&q=90&w=3000&h=2000&fit=crop&crop=faces,https://racerxonline.com/rider/chase-marquier
Chase Sexton,10,https://rxi.iscdn.net/2023/12/279666_566343teamshootrbktmsxmx2024teamshootingrbktmsxmx2024-remov.png?auto=format&q=90&w=3000&h=2000&fit=crop&crop=faces,https://racerxonline.com/rider/chase-sexton
Christian Craig,10,https://rxi.iscdn.net/2025/09/314069_screenshot2025-09-03at32004pm-removebg-preview.png?auto=format&q=90&w=3000&h=2000&fit=crop&crop=faces,https://racerxonline.com/rider/christian-craig
CJ Benard,10,https://rxi.iscdn.net/i/logos/post_thumb.png?auto=format&q=90&w=3000&h=2000&fit=crop&crop=faces,https://racerxonline.com/rider/cj-benard
Cole Davies,10,https://rxi.iscdn.net/2024/07/290546_unnamed-2024-07-04t131428035-2-removebg-preview.png?auto=format&q=90&w=3000&h=2000&fit=crop&crop=faces,https://racerxonline.com/rider/cole-davies
Cole Thompson,10,https://rxi.iscdn.net/2022/12/259933_sx23_cole_thompson_smile_691x691px-removebg-preview.png?auto=format&q=90&w=3000&h=2000&fit=crop&crop=faces,https://racerxonline.com/rider/cole-thompson
Cole Timboe,10,https://rxi.iscdn.net/i/logos/post_thumb.png?auto=format&q=90&w=3000&h=2000&fit=crop&crop=faces,https://racerxonline.com/rider/cole-timboe
Collin Jurin,10,https://rxi.iscdn.net/i/logos/post_thumb.png?auto=format&q=90&w=3000&h=2000&fit=crop&crop=faces,https://racerxonline.com/rider/collin-jurin
Colt Nichols,10,https://rxi.iscdn.net/2024/08/292862_291482451585890182853276822061215383556740967267998n-remove.png?auto=format&q=90&w=3000&h=2000&fit=crop&crop=faces,https://racerxonline.com/rider/colt-nichols
Cooper Webb,10,https://rxi.iscdn.net/2023/09/274945_screenshot2023-09-08at80637am-removebg-preview.png?auto=format&q=90&w=3000&h=2000&fit=crop&crop=faces,https://racerxonline.com/rider/cooper-webb
Coty Schock,10,https://rxi.iscdn.net/2023/12/279667_schock3-removebg-preview.png?auto=format&q=90&w=3000&h=2000&fit=crop&crop=faces,https://racerxonline.com/rider/coty-schock
Crockett Myers,10,https://rxi.iscdn.net/2025/02/301333_dbdsx25-7721-removebg-preview.png?auto=format&q=90&w=3000&h=2000&fit=crop&crop=faces,https://racerxonline.com/rider/crockett-myers
Cullin Park,10,https://rxi.iscdn.net/2020/12/216546_screen_shot_2020-12-15_at_9_47_07_am-removebg-preview.png?auto=format&q=90&w=3000&h=2000&fit=crop&crop=faces,https://racerxonline.com/rider/cullin-park
Daxton Bennick,10,https://rxi.iscdn.net/2023/08/273895_bennickalignmediamx23unadilla001.png?auto=format&q=90&w=3000&h=2000&fit=crop&crop=faces,https://racerxonline.com/rider/daxton-bennick
Dayton Briggs,10,https://rxi.iscdn.net/i/logos/post_thumb.png?auto=format&q=90&w=3000&h=2000&fit=crop&crop=faces,https://racerxonline.com/rider/dayton-briggs
Deacon Denno,10,https://rxi.iscdn.net/2025/09/313849_deacon-denno-4-2-removebg-preview.png?auto=format&q=90&w=3000&h=2000&fit=crop&crop=faces,https://racerxonline.com/rider/deacon-denno
Dean Wilson,10,https://rxi.iscdn.net/2022/12/260253_screen_shot_2022-12-22_at_14112_pm-removebg-preview.png?auto=format&q=90&w=3000&h=2000&fit=crop&crop=faces,https://racerxonline.com/rider/dean-wilson
Derek Kelley,10,https://rxi.iscdn.net/2022/12/259928_sx23_derek_kelley_smile_691x691px-removebg-preview.png?auto=format&q=90&w=3000&h=2000&fit=crop&crop=faces,https://racerxonline.com/rider/derek-kelley
Devin Simonson,10,https://rxi.iscdn.net/2024/12/297892_screenshot2024-12-05at120230pm-removebg-preview.png?auto=format&q=90&w=3000&h=2000&fit=crop&crop=faces,https://racerxonline.com/rider/devin-simonson
Dilan Schwartz,10,https://rxi.iscdn.net/2023/01/260821_screen_shot_2023-01-05_at_94858_am-removebg-preview.png?auto=format&q=90&w=3000&h=2000&fit=crop&crop=faces,https://racerxonline.com/rider/dilan-schwartz
Dominique Thury,10,https://rxi.iscdn.net/2022/12/259932_sx23_dominique_thury_smile_691x691px-removebg-preview.png?auto=format&q=90&w=3000&h=2000&fit=crop&crop=faces,https://racerxonline.com/rider/dominique-thury
Drew Adams,10,https://rxi.iscdn.net/2023/08/273078_screenshot2023-08-04at62506pm-removebg-preview.png?auto=format&q=90&w=3000&h=2000&fit=crop&crop=faces,https://racerxonline.com/rider/drew-adams
Dylan Ferrandis,10,https://rxi.iscdn.net/2024/02/282960_ferrandisalignmediasx24anaheim1031-2-removebg-preview.png?auto=format&q=90&w=3000&h=2000&fit=crop&crop=faces,https://racerxonline.com/rider/dylan-ferrandis
Dylan Walsh,10,https://rxi.iscdn.net/2019/03/180261_ccarevo-hqv-signing-removebg.png?auto=format&q=90&w=3000&h=2000&fit=crop&crop=faces,https://racerxonline.com/rider/dylan-walsh
Eli Tomac,10,https://rxi.iscdn.net/2022/12/260077_tomac_2023_yamaha_octopi_lm_0553-removebg-preview.png?auto=format&q=90&w=3000&h=2000&fit=crop&crop=faces,https://racerxonline.com/rider/eli-tomac
Ely Gross,10,https://rxi.iscdn.net/i/logos/post_thumb.png?auto=format&q=90&w=3000&h=2000&fit=crop&crop=faces,https://racerxonline.com/rider/ely-gross
Enzo Lopes,10,https://rxi.iscdn.net/2025/01/300383_screenshot2025-01-20at35936pm-removebg-preview.png?auto=format&q=90&w=3000&h=2000&fit=crop&crop=faces,https://racerxonline.com/rider/enzo-lopes
Enzo Temmerman,10,https://rxi.iscdn.net/2025/04/305930_screenshot2025-04-29at12015pm-removebg-preview-1.png?auto=format&q=90&w=3000&h=2000&fit=crop&crop=faces,https://racerxonline.com/rider/enzo-temmerman
Fredrik Noren,10,https://rxi.iscdn.net/2019/12/194166_freddie_noren_2020_10c.jpg?auto=format&q=90&w=3000&h=2000&fit=crop&crop=faces,https://racerxonline.com/rider/fredrik-noren
Gage Linville,10,https://rxi.iscdn.net/2025/02/301334_dbdsx25-7652-removebg-preview.png?auto=format&q=90&w=3000&h=2000&fit=crop&crop=faces,https://racerxonline.com/rider/gage-linville
Garrett Marchbanks,10,https://rxi.iscdn.net/2025/01/299273_marchbanks2025kawasakiteam-shootsxoctopirsp2317nef1-removeb.png?auto=format&q=90&w=3000&h=2000&fit=crop&crop=faces,https://racerxonline.com/rider/garrett-marchbanks
Gavin Betts,10,https://rxi.iscdn.net/i/logos/post_thumb.png?auto=format&q=90&w=3000&h=2000&fit=crop&crop=faces,https://racerxonline.com/rider/gavin-betts
Gavin Towers,10,https://rxi.iscdn.net/2023/08/274403_ar3i1415-3-removebg-preview.png?auto=format&q=90&w=3000&h=2000&fit=crop&crop=faces,https://racerxonline.com/rider/gavin-towers
Grant Harlan,10,https://rxi.iscdn.net/2023/08/273901_privateersalignmediamx23unadilla032-2-removebg-preview.png?auto=format&q=90&w=3000&h=2000&fit=crop&crop=faces,https://racerxonline.com/rider/grant-harlan
Grayson Townsend,10,https://rxi.iscdn.net/i/logos/post_thumb.png?auto=format&q=90&w=3000&h=2000&fit=crop&crop=faces,https://racerxonline.com/rider/grayson-townsend
Haiden Deegan,10,https://rxi.iscdn.net/2025/07/310641_screenshot20250715102608slack-removebg-preview.png?auto=format&q=90&w=3000&h=2000&fit=crop&crop=faces,https://racerxonline.com/rider/haiden-deegan
Hamden Hudson,10,https://rxi.iscdn.net/2025/02/301208_image114-removebg-preview-5-removebg-preview-1.png?auto=format&q=90&w=3000&h=2000&fit=crop&crop=faces,https://racerxonline.com/rider/hamden-hudson
Hardy Munoz,10,https://rxi.iscdn.net/2020/12/217250_screen_shot_2020-12-29_at_1_09_57_pm-removebg-preview_1.png?auto=format&q=90&w=3000&h=2000&fit=crop&crop=faces,https://racerxonline.com/rider/hardy-munoz
Hayes Edwards,10,https://rxi.iscdn.net/i/logos/post_thumb.png?auto=format&q=90&w=3000&h=2000&fit=crop&crop=faces,https://racerxonline.com/rider/hayes-edwards
Henry Miller,10,https://rxi.iscdn.net/2020/08/209865_privateers_alignmedia_mx20_lorettas2_005__2_c-removebg-preview.png?auto=format&q=90&w=3000&h=2000&fit=crop&crop=faces,https://racerxonline.com/rider/henry-miller
Hunter Lawrence,10,https://rxi.iscdn.net/2024/12/299125_25hondahrcprogressivehunterlawrence-removebg-preview.png?auto=format&q=90&w=3000&h=2000&fit=crop&crop=faces,https://racerxonline.com/rider/hunter-lawrence
Hunter Schlosser,10,https://rxi.iscdn.net/2022/12/259964_sx23_hunter_schlosser_smile_691x691px-removebg-preview.png?auto=format&q=90&w=3000&h=2000&fit=crop&crop=faces,https://racerxonline.com/rider/hunter-schlosser
Hunter Yoder,10,https://rxi.iscdn.net/2019/12/193835_193651_fchondq2020studio-dec2019-cudby-0123c-removebg-preview.png?auto=format&q=90&w=3000&h=2000&fit=crop&crop=faces,https://racerxonline.com/rider/hunter-yoder
Izaih Clark,10,https://rxi.iscdn.net/2025/02/302098_screenshot2025-02-18at14355pm-removebg-preview-1.png?auto=format&q=90&w=3000&h=2000&fit=crop&crop=faces,https://racerxonline.com/rider/izaih-clark
Jack Chambers,10,https://rxi.iscdn.net/2022/12/259959_sx23_jack_chambers_smile_691x691px-removebg-preview.png?auto=format&q=90&w=3000&h=2000&fit=crop&crop=faces,https://racerxonline.com/rider/jack-chambers
Jack Rogers,10,https://rxi.iscdn.net/i/logos/post_thumb.png?auto=format&q=90&w=3000&h=2000&fit=crop&crop=faces,https://racerxonline.com/rider/jack-rogers
Jake Cannon,10,https://rxi.iscdn.net/i/logos/post_thumb.png?auto=format&q=90&w=3000&h=2000&fit=crop&crop=faces,https://racerxonline.com/rider/jake-cannon
Jason Anderson,10,https://rxi.iscdn.net/2022/12/259945_sx23_jason_anderson_smile_691x691px-removebg-preview.png?auto=format&q=90&w=3000&h=2000&fit=crop&crop=faces,https://racerxonline.com/rider/jason-anderson
Jeremy Fappani,10,https://rxi.iscdn.net/2023/08/273076_screenshot2023-08-04at62149pm-removebg-preview.png?auto=format&q=90&w=3000&h=2000&fit=crop&crop=faces,https://racerxonline.com/rider/jeremy-fappani
Jeremy Hand,10,https://rxi.iscdn.net/2025/10/315500_img0544-2-removebg-preview.png?auto=format&q=90&w=3000&h=2000&fit=crop&crop=faces,https://racerxonline.com/rider/jeremy-hand
Jerry Robin,10,https://rxi.iscdn.net/2022/12/259944_sx23_jerry_robin_smile_691x691px-removebg-preview-removebg-preview.png?auto=format&q=90&w=3000&h=2000&fit=crop&crop=faces,https://racerxonline.com/rider/jerry-robin
Jesson Turner,10,https://rxi.iscdn.net/i/logos/post_thumb.png?auto=format&q=90&w=3000&h=2000&fit=crop&crop=faces,https://racerxonline.com/rider/jesson-turner
Jett Lawrence,10,https://rxi.iscdn.net/2024/12/299124_25hondahrcprogressivejettlawrence1-removebg-preview.png?auto=format&q=90&w=3000&h=2000&fit=crop&crop=faces,https://racerxonline.com/rider/jett-lawrence
Jett Reynolds,10,https://rxi.iscdn.net/2023/11/277734_screenshot2023-11-08at10546pm-removebg-preview-1.png?auto=format&q=90&w=3000&h=2000&fit=crop&crop=faces,https://racerxonline.com/rider/jett-reynolds
Jo Shimoda,10,https://rxi.iscdn.net/2024/12/299123_25hondahrcprogressivejoshimoda-removebg-preview.png?auto=format&q=90&w=3000&h=2000&fit=crop&crop=faces,https://racerxonline.com/rider/jo-shimoda
Joey Savatgy,10,https://rxi.iscdn.net/2024/09/295411_unnamed-2024-09-24t125252553-2-removebg-preview.png?auto=format&q=90&w=3000&h=2000&fit=crop&crop=faces,https://racerxonline.com/rider/joey-savatgy
Jonathan Getz,10,https://rxi.iscdn.net/i/logos/post_thumb.png?auto=format&q=90&w=3000&h=2000&fit=crop&crop=faces,https://racerxonline.com/rider/jonathan-getz
Jordan Renfro,10,https://rxi.iscdn.net/i/logos/post_thumb.png?auto=format&q=90&w=3000&h=2000&fit=crop&crop=faces,https://racerxonline.com/rider/jordan-renfro
Jordon Smith,10,https://rxi.iscdn.net/2024/10/296953_slide3-removebg-preview.png?auto=format&q=90&w=3000&h=2000&fit=crop&crop=faces,https://racerxonline.com/rider/jordon-smith
Jorge Prado,10,https://rxi.iscdn.net/2024/11/297645_screenshot2024-11-18at54543pm-removebg-preview.png?auto=format&q=90&w=3000&h=2000&fit=crop&crop=faces,https://racerxonline.com/rider/jorge-prado
Joshua Varize,10,https://rxi.iscdn.net/2022/12/259929_sx23_josh_varize_smile_691x691px-removebg-preview.png?auto=format&q=90&w=3000&h=2000&fit=crop&crop=faces,https://racerxonline.com/rider/joshua-varize
Julien Beaumer,10,https://rxi.iscdn.net/2023/12/279665_566278teamshootrbktmsxmx2024teamshootingrbktmsxmx2024-remov.png?auto=format&q=90&w=3000&h=2000&fit=crop&crop=faces,https://racerxonline.com/rider/julien-beaumer
Justin Barcia,10,https://rxi.iscdn.net/2024/12/298624_justinbarcia-rockstarenergygasgasfactoryracing202504-remove.png?auto=format&q=90&w=3000&h=2000&fit=crop&crop=faces,https://racerxonline.com/rider/justin-barcia
Justin Cooper,10,https://rxi.iscdn.net/2022/12/260078_cooper_2023_yamaha_octopi_lm_0307-removebg-preview.png?auto=format&q=90&w=3000&h=2000&fit=crop&crop=faces,https://racerxonline.com/rider/justin-cooper
Justin Hill,10,https://rxi.iscdn.net/2022/12/259935_sx23_justin_hill_smile_691x691px-removebg-preview.png?auto=format&q=90&w=3000&h=2000&fit=crop&crop=faces,https://racerxonline.com/rider/justin-hill
Justin Rodbell,10,https://rxi.iscdn.net/2021/01/217619_wfo_8408c-removebg-preview.png?auto=format&q=90&w=3000&h=2000&fit=crop&crop=faces,https://racerxonline.com/rider/justin-rodbell
Justin Starling,10,https://rxi.iscdn.net/2019/12/194288_screen_shot_2019-12-20_at_1-removebg-preview_1_copy.png?auto=format&q=90&w=3000&h=2000&fit=crop&crop=faces,https://racerxonline.com/rider/justin-starling
Kade Johnson,10,https://rxi.iscdn.net/2025/09/314811_screenshot2025-09-15at122723pm-removebg-preview.png?auto=format&q=90&w=3000&h=2000&fit=crop&crop=faces,https://racerxonline.com/rider/kade-johnson
Ken Roczen,10,https://rxi.iscdn.net/2022/12/260123_sx23_ken_roczen_smile_691x691px.jpg?auto=format&q=90&w=3000&h=2000&fit=crop&crop=faces,https://racerxonline.com/rider/ken-roczen
Kevin Moranz,10,https://rxi.iscdn.net/2024/01/281519_img47831cc-removebg-preview.png?auto=format&q=90&w=3000&h=2000&fit=crop&crop=faces,https://racerxonline.com/rider/kevin-moranz
Klark Robbins,10,https://rxi.iscdn.net/2025/04/305931_screenshot2025-04-29at12407pm-removebg-preview.png?auto=format&q=90&w=3000&h=2000&fit=crop&crop=faces,https://racerxonline.com/rider/klark-robbins
Krystian Janik,10,https://rxi.iscdn.net/2023/08/273077_screenshot2023-08-04at62414pm-removebg-preview.png?auto=format&q=90&w=3000&h=2000&fit=crop&crop=faces,https://racerxonline.com/rider/krystian-janik
Kyle Chisholm,10,https://rxi.iscdn.net/2022/12/260252_kyle-chisholm-headshot-screen_shot_2022-12-22_at_12439_pm-removebg-preview.png?auto=format&q=90&w=3000&h=2000&fit=crop&crop=faces,https://racerxonline.com/rider/kyle-p-chisholm
Lance Kobusch,10,https://rxi.iscdn.net/2022/07/252808_screen_shot_2022-07-16_at_1_05_43_pm-removebg-preview.png?auto=format&q=90&w=3000&h=2000&fit=crop&crop=faces,https://racerxonline.com/rider/lance-kobusch
Landen Gordon,10,https://rxi.iscdn.net/2024/01/281585_screenshot2024-01-28at10601am-removebg-preview.png?auto=format&q=90&w=3000&h=2000&fit=crop&crop=faces,https://racerxonline.com/rider/landen-gordon
Landon Gibson,10,https://rxi.iscdn.net/2024/04/285658_futuresalignmediasx24stlouis400-2-removebg-preview-1.png?auto=format&q=90&w=3000&h=2000&fit=crop&crop=faces,https://racerxonline.com/rider/landon-gibson
Landon Hartz,10,https://rxi.iscdn.net/i/logos/post_thumb.png?auto=format&q=90&w=3000&h=2000&fit=crop&crop=faces,https://racerxonline.com/rider/landon-hartz
Lane Shaw,10,https://rxi.iscdn.net/2018/03/161225_screen_shot_2018-03-26_at_11_51_25_am.png?auto=format&q=90&w=3000&h=2000&fit=crop&crop=faces,https://racerxonline.com/rider/lane-shaw
Leum Oehlhof,10,https://rxi.iscdn.net/i/logos/post_thumb.png?auto=format&q=90&w=3000&h=2000&fit=crop&crop=faces,https://racerxonline.com/rider/leum-oehlhof
Levi Kitchen,10,https://rxi.iscdn.net/2025/01/299270_kitchen2025kawasakiteam-shootsxoctopirsp2395nef1-removebg-p.png?auto=format&q=90&w=3000&h=2000&fit=crop&crop=faces,https://racerxonline.com/rider/levi-kitchen
Logan Leitzel,10,https://rxi.iscdn.net/2025/06/308921_img6097-2-removebg-preview.png?auto=format&q=90&w=3000&h=2000&fit=crop&crop=faces,https://racerxonline.com/rider/logan-leitzel
Logan Riggins,10,https://rxi.iscdn.net/i/logos/post_thumb.png?auto=format&q=90&w=3000&h=2000&fit=crop&crop=faces,https://racerxonline.com/rider/logan-riggins
Lorenzo Locurcio,10,https://rxi.iscdn.net/2017/02/139304_screen_shot_2017-02-19_at_11_10_55_am.png?auto=format&q=90&w=3000&h=2000&fit=crop&crop=faces,https://racerxonline.com/rider/lorenzo-locurcio
Luke Fauser,10,https://rxi.iscdn.net/2024/04/286221_futuresalignmediasx24foxborough336-2-removebg-preview.png?auto=format&q=90&w=3000&h=2000&fit=crop&crop=faces,https://racerxonline.com/rider/luke-fauser
Luke Neese,10,https://rxi.iscdn.net/2021/11/235832_screen_shot_2021-11-01_at_3_08_24_pm-removebg-preview.png?auto=format&q=90&w=3000&h=2000&fit=crop&crop=faces,https://racerxonline.com/rider/luke-neese
Lux Turner,10,https://rxi.iscdn.net/2024/01/280678_screenshot2024-01-08at114436am-removebg-preview.png?auto=format&q=90&w=3000&h=2000&fit=crop&crop=faces,https://racerxonline.com/rider/lux-turner
Malcolm Stewart,10,https://rxi.iscdn.net/2023/12/279101_headshotsdec2023-cudbyphoto-021-removebg-preview.png?auto=format&q=90&w=3000&h=2000&fit=crop&crop=faces,https://racerxonline.com/rider/malcolm-stewart
Mark Fineis,10,https://rxi.iscdn.net/2025/04/304621_ar3i2524-removebg-preview.png?auto=format&q=90&w=3000&h=2000&fit=crop&crop=faces,https://racerxonline.com/rider/mark-fineis
Marshal Weltin,10,https://rxi.iscdn.net/2023/01/260833_screen_shot_2023-01-05_at_101907_am-removebg-preview.png?auto=format&q=90&w=3000&h=2000&fit=crop&crop=faces,https://racerxonline.com/rider/marshal-weltin
Matti Jorgensen,10,https://rxi.iscdn.net/2023/06/270507_ar3i4064-2-removebg-preview.png?auto=format&q=90&w=3000&h=2000&fit=crop&crop=faces,https://racerxonline.com/rider/matti-jorgensen
Max Anstie,10,https://rxi.iscdn.net/2024/06/290139_unnamed-2024-06-19t152923961-2-removebg-preview.png?auto=format&q=90&w=3000&h=2000&fit=crop&crop=faces,https://racerxonline.com/rider/max-anstie
Max Miller,10,https://rxi.iscdn.net/2022/12/259960_sx23_max_miller_smile_691x691px-removebg-preview.png?auto=format&q=90&w=3000&h=2000&fit=crop&crop=faces,https://racerxonline.com/rider/max-miller
Max Vohland,10,https://rxi.iscdn.net/2024/09/295416_vohlandclub-08-2-removebg-preview.png?auto=format&q=90&w=3000&h=2000&fit=crop&crop=faces,https://racerxonline.com/rider/max-vohland
Maxwell Sanford,10,https://rxi.iscdn.net/2021/01/219652_screen_shot_2021-01-28_at_3_07_40_pm-removebg-preview.png?auto=format&q=90&w=3000&h=2000&fit=crop&crop=faces,https://racerxonline.com/rider/maxwell-sanford
Michael Hicks,10,https://rxi.iscdn.net/2021/03/222747_screen_shot_2021-03-16_at_2_42_53_pm-removebg-preview.png?auto=format&q=90&w=3000&h=2000&fit=crop&crop=faces,https://racerxonline.com/rider/michael-hicks
Michael Mosiman,10,https://rxi.iscdn.net/2024/03/284325_unnamed31-2-removebg-preview.png?auto=format&q=90&w=3000&h=2000&fit=crop&crop=faces,https://racerxonline.com/rider/michael-mosiman
Mitchell Harrison,10,https://rxi.iscdn.net/2022/12/259953_sx23_mitchell_harrison_smile_691x691px-removebg-preview.png?auto=format&q=90&w=3000&h=2000&fit=crop&crop=faces,https://racerxonline.com/rider/mitchell-harrison
Mitchell Oldenburg,10,https://rxi.iscdn.net/2024/11/297200_unnamed-2024-11-07t131744781-removebg-preview1-removebg-pre.png?auto=format&q=90&w=3000&h=2000&fit=crop&crop=faces,https://racerxonline.com/rider/mitchell-oldenburg
Nate Thrasher,10,https://rxi.iscdn.net/2022/12/260080_thrasher_2023_yamaha_octopi_lm_0434-removebg-preview.png?auto=format&q=90&w=3000&h=2000&fit=crop&crop=faces,https://racerxonline.com/rider/nate-thrasher
Nick Romano,10,https://rxi.iscdn.net/2022/12/260082_romano_2023_yamaha_octopi_lm_0347-removebg-preview.png?auto=format&q=90&w=3000&h=2000&fit=crop&crop=faces,https://racerxonline.com/rider/nick-romano
Nico Koch,10,https://rxi.iscdn.net/i/logos/post_thumb.png?auto=format&q=90&w=3000&h=2000&fit=crop&crop=faces,https://racerxonline.com/rider/nico-koch
Noah Viney,10,https://rxi.iscdn.net/i/logos/post_thumb.png?auto=format&q=90&w=3000&h=2000&fit=crop&crop=faces,https://racerxonline.com/rider/noah-viney
Parker Ross,10,https://rxi.iscdn.net/2025/05/306806_screenshot2025-05-15at31632pm1-removebg-preview.png?auto=format&q=90&w=3000&h=2000&fit=crop&crop=faces,https://racerxonline.com/rider/parker-ross
Pierce Brown,10,https://rxi.iscdn.net/2024/10/296464_296369unnamed-2024-10-10t143857858-2-removebg-preview.png?auto=format&q=90&w=3000&h=2000&fit=crop&crop=faces,https://racerxonline.com/rider/pierce-brown
Preston Boespflug,10,https://rxi.iscdn.net/2024/10/296399_296480prestonboespflugheadshot-removebg-preview.png?auto=format&q=90&w=3000&h=2000&fit=crop&crop=faces,https://racerxonline.com/rider/preston-boespflug
Preston Masciangelo,10,https://rxi.iscdn.net/i/logos/post_thumb.png?auto=format&q=90&w=3000&h=2000&fit=crop&crop=faces,https://racerxonline.com/rider/preston-masciangelo
Preston Taylor,10,https://rxi.iscdn.net/i/logos/post_thumb.png?auto=format&q=90&w=3000&h=2000&fit=crop&crop=faces,https://racerxonline.com/rider/preston-taylor
R.J. Hampshire,10,https://rxi.iscdn.net/2023/12/279102_headshotsdec2023-cudbyphoto-019-removebg-preview.png?auto=format&q=90&w=3000&h=2000&fit=crop&crop=faces,https://racerxonline.com/rider/rj-hampshire
Reece Wheaton,10,https://rxi.iscdn.net/i/logos/post_thumb.png?auto=format&q=90&w=3000&h=2000&fit=crop&crop=faces,https://racerxonline.com/rider/reece-wheaton
Ricci Randanella,10,https://rxi.iscdn.net/i/logos/post_thumb.png?auto=format&q=90&w=3000&h=2000&fit=crop&crop=faces,https://racerxonline.com/rider/ricci-randanella
RJ Johnson,10,https://rxi.iscdn.net/i/logos/post_thumb.png?auto=format&q=90&w=3000&h=2000&fit=crop&crop=faces,https://racerxonline.com/rider/rj-johnson
Robbie Wageman,10,https://rxi.iscdn.net/2022/12/259925_sx23_robbie_wageman_smile_691x691px-removebg-preview.png?auto=format&q=90&w=3000&h=2000&fit=crop&crop=faces,https://racerxonline.com/rider/robbie-wageman
Russell Buccheri,10,https://rxi.iscdn.net/2025/06/309461_imagejpeg0229-removebg-preview.png?auto=format&q=90&w=3000&h=2000&fit=crop&crop=faces,https://racerxonline.com/rider/russell-buccheri
Ryan Breece,10,https://rxi.iscdn.net/2020/01/194810_screen_shot_2020-01-03_at_3-removebg-preview.png?auto=format&q=90&w=3000&h=2000&fit=crop&crop=faces,https://racerxonline.com/rider/ryan-breece
Ryder DiFrancesco,10,https://rxi.iscdn.net/2024/12/298625_ryderdifrancesco-rockstarenergygasgasfactoryracing202505-re.png?auto=format&q=90&w=3000&h=2000&fit=crop&crop=faces,https://racerxonline.com/rider/ryder-difrancesco
Ryder Malinoski,10,https://rxi.iscdn.net/2025/09/314817_screenshot2025-09-15at123351pm-removebg-preview.png?auto=format&q=90&w=3000&h=2000&fit=crop&crop=faces,https://racerxonline.com/rider/ryder-malinoski
Scott Meshey,10,https://rxi.iscdn.net/2023/06/270015_screenshot2023-06-07at24318pm-removebg-preview.png?auto=format&q=90&w=3000&h=2000&fit=crop&crop=faces,https://racerxonline.com/rider/scott-meshey
Seth Hammaker,10,https://rxi.iscdn.net/2025/01/299274_hammaker2025kawasakiteam-shootsxoctopirsp2428nef1-removebg-.png?auto=format&q=90&w=3000&h=2000&fit=crop&crop=faces,https://racerxonline.com/rider/seth-hammaker
Shane McElrath,10,https://rxi.iscdn.net/2024/08/292911_screenshot2024-08-07at103922am-removebg-preview.png?auto=format&q=90&w=3000&h=2000&fit=crop&crop=faces,https://racerxonline.com/rider/shane-mcelrath
Stav Orland,10,https://rxi.iscdn.net/i/logos/post_thumb.png?auto=format&q=90&w=3000&h=2000&fit=crop&crop=faces,https://racerxonline.com/rider/stav-orland
Stilez Robertson,10,https://rxi.iscdn.net/2024/10/296954_slice4-removebg-preview.png?auto=format&q=90&w=3000&h=2000&fit=crop&crop=faces,https://racerxonline.com/rider/stilez-robertson
Theodore Pauli,10,https://rxi.iscdn.net/2021/01/218058_screen_shot_2021-01-12_at_6_31_58_pm-removebg-preview.png?auto=format&q=90&w=3000&h=2000&fit=crop&crop=faces,https://racerxonline.com/rider/theodore-pauli
Thor Powell,10,https://rxi.iscdn.net/i/logos/post_thumb.png?auto=format&q=90&w=3000&h=2000&fit=crop&crop=faces,https://racerxonline.com/rider/thor-powell
Tiger Wood,10,https://rxi.iscdn.net/i/logos/post_thumb.png?auto=format&q=90&w=3000&h=2000&fit=crop&crop=faces,https://racerxonline.com/rider/tiger-wood
TJ Albright,10,https://rxi.iscdn.net/2019/03/180690_carscreen_shot_2019-03-10_at_9-removebg.png?auto=format&q=90&w=3000&h=2000&fit=crop&crop=faces,https://racerxonline.com/rider/tj-albright
Tom Vialle,10,https://rxi.iscdn.net/2023/12/279664_566365teamshootrbktmsxmx2024teamshootingrbktmsxmx2024-remov.png?auto=format&q=90&w=3000&h=2000&fit=crop&crop=faces,https://racerxonline.com/rider/tom-vialle
Trevor Colip,10,https://rxi.iscdn.net/2023/11/277540_screenshot2023-11-03at42618pm-removebg-preview.png?auto=format&q=90&w=3000&h=2000&fit=crop&crop=faces,https://racerxonline.com/rider/trevor-colip
Tristan Lane,10,https://rxi.iscdn.net/2022/12/259965_sx23_tristian_lane_smile_691x691px-removebg-preview.png?auto=format&q=90&w=3000&h=2000&fit=crop&crop=faces,https://racerxonline.com/rider/tristan-lane
Ty Masterpool,10,https://rxi.iscdn.net/2025/01/299271_masterpool2025kawasakiteam-shootsxoctopirsp2338nef1-removeb.png?auto=format&q=90&w=3000&h=2000&fit=crop&crop=faces,https://racerxonline.com/rider/ty-masterpool
Vince Friese,10,https://rxi.iscdn.net/2021/01/217625_111320mcr0777vf-removebg-preview.png?auto=format&q=90&w=3000&h=2000&fit=crop&crop=faces,https://racerxonline.com/rider/vince-freise
Vincent Luhovey,10,https://rxi.iscdn.net/2019/08/189071_image-1-removebg-preview.png?auto=format&q=90&w=3000&h=2000&fit=crop&crop=faces,https://racerxonline.com/rider/vincent-luhovey
Vincent Wey,10,https://rxi.iscdn.net/i/logos/post_thumb.png?auto=format&q=90&w=3000&h=2000&fit=crop&crop=faces,https://racerxonline.com/rider/vincent-wey
Wyatt Thurman,10,https://rxi.iscdn.net/i/logos/post_thumb.png?auto=format&q=90&w=3000&h=2000&fit=crop&crop=faces,https://racerxonline.com/rider/wyatt-thurman
